{"cameraMode":{"drawMode":0,"name":"Shaded","section":"Shading Mode"},"sceneLighting":false,"audioPlay":false,"sceneViewState":{"showFog":true,"showMaterialUpdate":false,"showSkybox":true,"showFlares":true,"showImageEffects":true,"showParticleSystems":true},"in2DMode":false,"pivot":{"x":13.154760360717774,"y":9.706866264343262,"z":-1.4054861068725587},"rotation":{"x":0.004330024588853121,"y":0.6920928359031677,"z":-0.004153440240770578,"w":0.7217892408370972},"size":11.15527629852295,"orthographic":false}